employee_number,name,name_kana,department_id,position,email,phone,photo_url
161,山崎拓也,ヤマザキタクヤ,8,staff,yamazaki161@example.com,09000000161,
162,佐々木結衣,ササキユイ,9,staff,sasaki162@example.com,09000000162,
163,小川健太,オガワケンタ,7,staff,ogawa163@example.com,09000000163,
164,藤原美里,フジワラミサト,2,staff,fujiwara164@example.com,09000000164,
165,中田誠,ナカタマコト,4,manager,nakata165@example.com,09000000165,
166,大西彩香,オオニシアヤカ,3,staff,onishi166@example.com,09000000166,
167,川村亮,カワムラリョウ,1,staff,kawamura167@example.com,09000000167,
168,松浦真央,マツウラマオ,6,staff,matsuura168@example.com,09000000168,
169,福島直人,フクシマナオト,5,staff,fukushima169@example.com,09000000169,
170,永井奈々,ナガイナナ,8,staff,nagai170@example.com,09000000170,
171,奥村翔,オクムラショウ,9,staff,okumura171@example.com,09000000171,
172,島田葵,シマダアオイ,7,staff,shimada172@example.com,09000000172,
173,内田剛,ウチダツヨシ,2,staff,uchida173@example.com,09000000173,
174,平田由美,ヒラタユミ,3,manager,hirata174@example.com,09000000174,
175,関口大輔,セキグチダイスケ,4,staff,sekiguchi175@example.com,09000000175,
176,丸山彩,マルヤマアヤ,1,staff,maruyama176@example.com,09000000176,
177,竹内航,タケウチワタル,6,staff,takeuchi177@example.com,09000000177,
178,塚本結菜,ツカモトユイナ,5,staff,tsukamoto178@example.com,09000000178,
179,西田修,ニシダオサム,8,staff,nishida179@example.com,09000000179,
180,北川美咲,キタガワミサキ,9,manager,kitagawa180@example.com,09000000180,
181,堀江悠斗,ホリエユウト,7,staff,horie181@example.com,09000000181,
182,横山里奈,ヨコヤマリナ,2,staff,yokoyama182@example.com,09000000182,
183,川上健,カワカミケン,4,staff,kawakami183@example.com,09000000183,
184,吉岡真由,ヨシオカマユ,3,staff,yoshioka184@example.com,09000000184,
185,松永達也,マツナガタツヤ,1,manager,matsunaga185@example.com,09000000185,
186,石塚萌,イシヅカモエ,6,staff,ishizuka186@example.com,09000000186,
187,岡崎直樹,オカザキナオキ,5,staff,okazaki187@example.com,09000000187,
188,三好千尋,ミヨシチヒロ,8,staff,miyoshi188@example.com,09000000188,
189,細川亮介,ホソカワリョウスケ,9,staff,hosokawa189@example.com,09000000189,
190,上野沙織,ウエノサオリ,7,staff,ueno190@example.com,09000000190,
191,菅原翔太,スガワラショウタ,2,manager,sugawara191@example.com,09000000191,
192,武田由紀,タケダユキ,3,staff,takeda192@example.com,09000000192,
193,河合健太郎,カワイケンタロウ,4,staff,kawai193@example.com,09000000193,
194,矢野結衣,ヤノユイ,1,staff,yano194@example.com,09000000194,
195,片山直人,カタヤマナオト,6,staff,katayama195@example.com,09000000195,
196,大久保奈央,オオクボナオ,5,staff,okubo196@example.com,09000000196,
197,松下剛,マツシタツヨシ,8,manager,matsushita197@example.com,09000000197,
198,高野美月,タカノミヅキ,9,staff,takano198@example.com,09000000198,
199,宮本修平,ミヤモトシュウヘイ,7,staff,miyamoto199@example.com,09000000199,
200,柳澤彩,ヤナギサワアヤ,2,staff,yanagisawa200@example.com,09000000200,
201,浅野達也,アサノタツヤ,3,staff,asano201@example.com,09000000201,
202,須田真央,スダマオ,4,manager,suda202@example.com,09000000202,
203,大橋健,オオハシケン,1,staff,ohashi203@example.com,09000000203,
204,坂口由美,サカグチユミ,6,staff,sakaguchi204@example.com,09000000204,
205,新田航,ニッタワタル,5,staff,nitta205@example.com,09000000205,
206,星野千夏,ホシノチナツ,8,staff,hoshino206@example.com,09000000206,
207,岩田亮,イワタリョウ,9,staff,iwata207@example.com,09000000207,
208,森下美穂,モリシタミホ,7,staff,morishita208@example.com,09000000208,
209,戸田直樹,トダナオキ,2,staff,toda209@example.com,09000000209,
210,高井沙羅,タカイサラ,3,manager,takai210@example.com,09000000210,
211,山内翔,ヤマウチショウ,4,staff,yamauchi211@example.com,09000000211,
212,桜井恵,サクライメグミ,1,staff,sakurai212@example.com,09000000212,
213,長尾健太,ナガオケンタ,6,staff,nagao213@example.com,09000000213,
214,藤本結菜,フジモトユイナ,5,staff,fujimoto214@example.com,09000000214,
215,岩井直人,イワイナオト,8,staff,iwai215@example.com,09000000215,
216,岡野美咲,オカノミサキ,9,manager,okano216@example.com,09000000216,
217,古川大輔,フルカワダイスケ,7,staff,furukawa217@example.com,09000000217,
218,森本彩香,モリモトアヤカ,2,staff,morimoto218@example.com,09000000218,
219,原口剛,ハラグチツヨシ,4,staff,haraguchi219@example.com,09000000219,
220,相原由紀,アイハラユキ,1,staff,aihara220@example.com,09000000220,
